region,date,type,median,lower_90,upper_90,lower_50,upper_50,prob_control
Alberta,2020-03-04,nowcast,2.4,1.4,3.4,2,2.9,0
Alberta,2020-03-05,nowcast,2,1.2,3,1.8,2.2,0
Alberta,2020-03-06,nowcast,1.7,1,2.7,1.3,1.8,0.02
Alberta,2020-03-07,nowcast,1.9,1.4,2.6,1.7,2.2,0
Alberta,2020-03-08,nowcast,2,1.4,2.6,1.7,2.2,0
Alberta,2020-03-09,nowcast,2,1.5,2.6,1.7,2.1,0
Alberta,2020-03-10,nowcast,2,1.3,2.5,1.6,2.1,0
Alberta,2020-03-11,nowcast,1.7,1.3,2.4,1.3,1.7,0
Alberta,2020-03-12,nowcast,1.7,1.2,2,1.6,1.8,0
Alberta,2020-03-13,nowcast,1.7,1.4,2,1.6,1.8,0
Alberta,2020-03-14,nowcast,1.5,1.3,1.9,1.3,1.6,0
Alberta,2020-03-15,nowcast,1.4,1.2,1.8,1.3,1.5,0
Alberta,2020-03-16,nowcast,1.4,1.1,1.7,1.2,1.4,0
Alberta,2020-03-17,nowcast,1.4,1.1,1.7,1.2,1.4,0
Alberta,2020-03-18,nowcast,1.3,1.1,1.5,1.3,1.5,0
Alberta,2020-03-19,nowcast,1.3,1,1.5,1.2,1.4,0.04
Alberta,2020-03-20,nowcast,1.2,1,1.4,1.1,1.3,0.02
Alberta,2020-03-21,nowcast,1.2,1,1.4,1.2,1.4,0.1
Alberta,2020-03-22,nowcast,1.2,1.1,1.4,1.1,1.2,0
Alberta,2020-03-23,nowcast,1.3,1.1,1.4,1.3,1.4,0.04
Alberta,2020-03-24,nowcast,1.3,1.1,1.6,1.1,1.3,0.02
Alberta,2020-03-25,nowcast,1.2,1,1.5,1.1,1.3,0.06
Alberta,2020-03-26,nowcast,1.2,1.1,1.4,1.2,1.3,0
Alberta,2020-03-27,nowcast,1.2,1,1.4,1.1,1.3,0
Alberta,2020-03-28,nowcast,1.2,1,1.4,1.1,1.2,0.06
Alberta,2020-03-29,nowcast,1.1,1,1.3,1.1,1.2,0.06
Alberta,2020-03-30,nowcast,1.1,0.9,1.3,0.9,1.1,0.24
Alberta,2020-03-31,nowcast,1.1,0.9,1.2,1,1.1,0.2
Alberta,2020-04-01,nowcast,1.1,0.9,1.2,1,1.1,0.28
Alberta,2020-04-02,nowcast,1.1,1,1.3,0.9,1.1,0.18
Alberta,2020-04-03,nowcast,1.2,1,1.4,1.1,1.2,0.02
Alberta,2020-04-04,nowcast,1.3,1.1,1.4,1.2,1.3,0
Alberta,2020-04-05,nowcast,1.4,1.2,1.6,1.3,1.4,0
Alberta,2020-04-06,nowcast,1.5,1.3,1.7,1.4,1.6,0
Alberta,2020-04-07,nowcast,1.6,1.4,1.7,1.5,1.6,0
Alberta,2020-04-08,nowcast,1.5,1.3,1.8,1.4,1.6,0
Alberta,2020-04-09,nowcast,1.5,1.3,1.7,1.4,1.5,0
Alberta,2020-04-10,nowcast,1.4,1.3,1.5,1.4,1.5,0
Alberta,2020-04-11,nowcast,1.4,1.1,1.5,1.3,1.4,0
Alberta,2020-04-12,nowcast,1.3,1.2,1.5,1.2,1.4,0
Alberta,2020-04-13,nowcast,1.3,1.1,1.4,1.1,1.3,0
Alberta,2020-04-14,nowcast,1.3,1,1.4,1.3,1.4,0
Alberta,2020-04-15,nowcast,1.3,1.1,1.4,1.2,1.4,0
Alberta,2020-04-16,nowcast,1.3,1.1,1.4,1.2,1.3,0
Alberta,2020-04-17,nowcast,1.2,1.1,1.3,1.2,1.2,0
Alberta,2020-04-18,nowcast,1.1,1,1.2,1.1,1.1,0.12
Alberta,2020-04-19,nowcast,1,0.9,1.2,0.9,1.1,0.44
Alberta,2020-04-20,nowcast,1,0.8,1.1,0.9,1,0.74
Alberta,2020-04-21,forecast,1,0.7,1.2,0.9,1.1,0.6
Alberta,2020-04-22,forecast,0.9,0.7,1.2,0.8,1,0.64
Alberta,2020-04-23,forecast,0.9,0.6,1.3,0.8,1.1,0.66
Alberta,2020-04-24,forecast,1,0.6,1.5,0.9,1.2,0.56
Alberta,2020-04-25,forecast,0.9,0.2,1.3,0.9,1.3,0.62
Alberta,2020-04-26,forecast,0.8,0,1.2,0.7,1.1,0.7
Alberta,2020-04-27,forecast,0.9,0,1.4,0.7,1.2,0.58
Alberta,2020-04-28,forecast,0.9,0.1,1.3,0.7,1.1,0.62
Alberta,2020-04-29,forecast,1,0.2,1.8,0.6,1.1,0.52
Alberta,2020-04-30,forecast,0.9,0.4,1.5,0.6,1,0.68
Alberta,2020-05-01,forecast,0.8,0,1.7,0.5,1,0.7
Alberta,2020-05-02,forecast,0.9,0.3,1.8,0.7,1.3,0.54
Alberta,2020-05-03,forecast,0.9,0,1.7,0.5,1.2,0.6
Alberta,2020-05-04,forecast,1,0,1.5,0.8,1.1,0.5
British Columbia,2020-02-29,nowcast,2.1,1.2,3.2,1.3,2.2,0
British Columbia,2020-03-01,nowcast,2.3,1,3.6,1.5,2.6,0.02
British Columbia,2020-03-02,nowcast,2,1.3,3.7,1.5,2.2,0.02
British Columbia,2020-03-03,nowcast,2.1,1.5,3.6,1.5,2.2,0
British Columbia,2020-03-04,nowcast,1.9,1.3,2.7,1.3,1.9,0
British Columbia,2020-03-05,nowcast,2,1.3,2.5,1.9,2.3,0
British Columbia,2020-03-06,nowcast,2.1,1.4,2.7,1.8,2.5,0
British Columbia,2020-03-07,nowcast,1.9,1.5,2.8,1.7,2.1,0
British Columbia,2020-03-08,nowcast,2,1.5,2.5,1.9,2.3,0
British Columbia,2020-03-09,nowcast,2,1.5,2.4,1.6,2.1,0
British Columbia,2020-03-10,nowcast,1.9,1.6,2.3,1.7,2.1,0
British Columbia,2020-03-11,nowcast,1.9,1.6,2.3,1.6,1.9,0
British Columbia,2020-03-12,nowcast,1.7,1.2,2.1,1.6,2,0
British Columbia,2020-03-13,nowcast,1.6,1,1.9,1.6,1.8,0.04
British Columbia,2020-03-14,nowcast,1.5,1.1,1.8,1.4,1.6,0.02
British Columbia,2020-03-15,nowcast,1.3,1.1,1.5,1.2,1.4,0.02
British Columbia,2020-03-16,nowcast,1.2,0.9,1.3,1.1,1.3,0.14
British Columbia,2020-03-17,nowcast,1.1,1,1.3,1.1,1.2,0.1
British Columbia,2020-03-18,nowcast,1,0.9,1.2,0.9,1,0.5
British Columbia,2020-03-19,nowcast,0.9,0.8,1.1,0.9,1,0.66
British Columbia,2020-03-20,nowcast,0.9,0.7,1,0.8,1,0.8
British Columbia,2020-03-21,nowcast,0.9,0.7,1,0.8,0.9,0.9
British Columbia,2020-03-22,nowcast,0.9,0.7,1,0.8,0.9,0.92
British Columbia,2020-03-23,nowcast,0.8,0.6,1.1,0.8,0.9,0.86
British Columbia,2020-03-24,nowcast,0.8,0.7,1,0.8,0.9,0.92
British Columbia,2020-03-25,nowcast,0.8,0.6,1,0.7,0.8,0.92
British Columbia,2020-03-26,nowcast,0.8,0.7,1,0.7,0.9,0.92
British Columbia,2020-03-27,nowcast,0.8,0.7,1,0.8,0.9,0.94
British Columbia,2020-03-28,nowcast,0.8,0.6,0.9,0.7,0.8,1
British Columbia,2020-03-29,nowcast,0.8,0.5,1,0.7,0.9,0.96
British Columbia,2020-03-30,nowcast,0.8,0.6,0.9,0.8,0.9,0.98
British Columbia,2020-03-31,nowcast,0.8,0.6,1,0.8,0.9,0.88
British Columbia,2020-04-01,nowcast,0.9,0.7,1.1,0.8,1,0.8
British Columbia,2020-04-02,nowcast,0.9,0.6,1,0.8,1,0.86
British Columbia,2020-04-03,nowcast,0.9,0.6,1,0.9,1,0.76
British Columbia,2020-04-04,nowcast,0.9,0.7,1.1,0.8,1,0.72
British Columbia,2020-04-05,nowcast,0.9,0.7,1.1,0.8,1,0.72
British Columbia,2020-04-06,nowcast,0.9,0.7,1.2,0.8,1,0.76
British Columbia,2020-04-07,nowcast,0.9,0.7,1.2,0.9,1,0.68
British Columbia,2020-04-08,nowcast,1,0.8,1.2,0.9,1,0.56
British Columbia,2020-04-09,nowcast,1.1,0.8,1.4,0.9,1.2,0.34
British Columbia,2020-04-10,nowcast,1.2,0.8,1.4,1,1.2,0.24
British Columbia,2020-04-11,nowcast,1.1,0.9,1.5,1,1.2,0.24
British Columbia,2020-04-12,nowcast,1.2,1,1.5,1.1,1.3,0.12
British Columbia,2020-04-13,nowcast,1.2,0.9,1.6,1.1,1.3,0.06
British Columbia,2020-04-14,nowcast,1.3,1.1,1.7,1.1,1.3,0
British Columbia,2020-04-15,nowcast,1.3,1,1.8,1,1.3,0.04
British Columbia,2020-04-16,nowcast,1.2,1,1.5,1.1,1.3,0.04
British Columbia,2020-04-17,nowcast,1.2,0.8,1.4,1.1,1.3,0.26
British Columbia,2020-04-18,nowcast,1.1,0.8,1.3,0.8,1.1,0.42
British Columbia,2020-04-19,nowcast,1.1,0.9,1.3,1,1.1,0.24
British Columbia,2020-04-20,nowcast,1.1,0.7,1.4,1,1.2,0.36
British Columbia,2020-04-21,forecast,1.1,0.6,1.4,0.9,1.2,0.34
British Columbia,2020-04-22,forecast,1.1,0.7,1.7,0.9,1.2,0.38
British Columbia,2020-04-23,forecast,1.1,0.7,1.7,0.7,1.1,0.38
British Columbia,2020-04-24,forecast,1,0.3,1.6,1,1.5,0.44
British Columbia,2020-04-25,forecast,1.1,0.4,1.7,0.9,1.4,0.4
British Columbia,2020-04-26,forecast,1.1,0.3,1.7,1.1,1.6,0.4
British Columbia,2020-04-27,forecast,1,0.6,1.8,0.8,1.1,0.54
British Columbia,2020-04-28,forecast,1.2,0.1,1.8,0.8,1.4,0.36
British Columbia,2020-04-29,forecast,1.1,0.3,2.1,0.9,1.5,0.4
British Columbia,2020-04-30,forecast,1,0,2,0.4,1.2,0.56
British Columbia,2020-05-01,forecast,1,0,1.9,0.8,1.6,0.52
British Columbia,2020-05-02,forecast,1.1,0,1.8,0.8,1.5,0.46
British Columbia,2020-05-03,forecast,1.1,0,1.9,0.8,1.6,0.44
British Columbia,2020-05-04,forecast,0.9,0,1.7,0.6,1.1,0.54
Manitoba,2020-03-13,nowcast,1.8,0.5,2.8,1.5,2.4,0.16
Manitoba,2020-03-14,nowcast,1.8,0.2,2.7,1.7,2.2,0.16
Manitoba,2020-03-15,nowcast,1.7,0.6,2.9,0.9,2,0.14
Manitoba,2020-03-16,nowcast,1.7,0.8,2.7,1.5,2.1,0.12
Manitoba,2020-03-17,nowcast,1.7,1,2.5,1.2,1.8,0.04
Manitoba,2020-03-18,nowcast,1.8,0.9,2.9,1.3,1.9,0.04
Manitoba,2020-03-19,nowcast,1.8,1.2,3,1.3,1.9,0.02
Manitoba,2020-03-20,nowcast,1.8,1.1,2.8,1.4,1.9,0
Manitoba,2020-03-21,nowcast,1.6,1.1,3,1.3,1.9,0.04
Manitoba,2020-03-22,nowcast,1.7,1.2,2.6,1.5,2,0
Manitoba,2020-03-23,nowcast,1.5,1,2.1,1.2,1.6,0.04
Manitoba,2020-03-24,nowcast,1.4,1,2,1.2,1.5,0.02
Manitoba,2020-03-25,nowcast,1.3,0.8,1.9,0.8,1.3,0.24
Manitoba,2020-03-26,nowcast,1.1,0.6,1.7,0.8,1.3,0.38
Manitoba,2020-03-27,nowcast,1,0.6,1.4,0.8,1.1,0.54
Manitoba,2020-03-28,nowcast,0.8,0.4,1.2,0.5,0.8,0.78
Manitoba,2020-03-29,nowcast,0.6,0.3,1,0.5,0.7,0.9
Manitoba,2020-03-30,nowcast,0.6,0.4,1,0.5,0.7,0.98
Manitoba,2020-03-31,nowcast,0.6,0.3,0.8,0.6,0.8,1
Manitoba,2020-04-01,nowcast,0.5,0.4,0.8,0.4,0.6,0.96
Manitoba,2020-04-02,nowcast,0.5,0.3,0.8,0.3,0.6,0.98
Manitoba,2020-04-03,nowcast,0.6,0.4,0.8,0.4,0.6,0.96
Manitoba,2020-04-04,nowcast,0.5,0.3,1,0.3,0.6,0.96
Manitoba,2020-04-05,nowcast,0.6,0.3,1.1,0.4,0.6,0.88
Manitoba,2020-04-06,nowcast,0.6,0.3,1,0.3,0.6,0.98
Manitoba,2020-04-07,nowcast,0.5,0.2,0.9,0.3,0.5,0.94
Manitoba,2020-04-08,nowcast,0.5,0.1,0.9,0.3,0.6,0.98
Manitoba,2020-04-09,nowcast,0.5,0.1,1.5,0.2,0.5,0.82
Manitoba,2020-04-10,nowcast,0.6,0.2,1.2,0.4,0.7,0.86
Manitoba,2020-04-11,nowcast,0.8,0.2,1.5,0.2,0.8,0.62
Manitoba,2020-04-12,nowcast,0.9,0.3,1.8,0.4,0.9,0.6
Manitoba,2020-04-13,nowcast,1.1,0.5,2.9,0.6,1.2,0.38
Manitoba,2020-04-14,nowcast,1.2,0.4,2.5,0.5,1.4,0.32
Manitoba,2020-04-15,nowcast,1.3,0.5,2.3,0.7,1.4,0.28
Manitoba,2020-04-16,nowcast,1.6,0.6,3.7,0.6,1.7,0.32
Manitoba,2020-04-17,nowcast,1.8,0.7,3.4,1,2,0.12
Manitoba,2020-04-18,nowcast,1.6,0.7,4.4,1.3,2,0.16
Manitoba,2020-04-19,forecast,1.6,0,4.1,0.7,1.9,0.2
Manitoba,2020-04-20,forecast,1.6,0.8,3.9,0.9,1.6,0.24
Manitoba,2020-04-21,forecast,1.8,0.3,4.4,1.1,2,0.08
Manitoba,2020-04-22,forecast,1.7,0,3.1,1.2,2.1,0.22
Manitoba,2020-04-23,forecast,1.7,0,3.9,0.6,2.1,0.36
Manitoba,2020-04-24,forecast,1.9,0,4.3,1,2.4,0.26
Manitoba,2020-04-25,forecast,1.8,0,4.1,0,1.9,0.3
Manitoba,2020-04-26,forecast,1.2,0,5.9,0,1.3,0.38
Manitoba,2020-04-27,forecast,1.6,0,4,0,1.6,0.38
Manitoba,2020-04-28,forecast,1.5,0,4,0,1.6,0.42
Manitoba,2020-04-29,forecast,1.9,0,5.5,0,2.1,0.3
Manitoba,2020-04-30,forecast,1.8,0,4.6,0.9,2.7,0.34
Manitoba,2020-05-01,forecast,1.4,0,4,0,1.4,0.38
Manitoba,2020-05-02,forecast,1.6,0,5.3,0,1.6,0.32
Nova Scotia,2020-03-14,nowcast,2.1,1.3,2.8,1.9,2.4,0.02
Nova Scotia,2020-03-15,nowcast,2.2,1.2,2.8,2,2.5,0
Nova Scotia,2020-03-16,nowcast,2,1.4,2.6,1.8,2.4,0
Nova Scotia,2020-03-17,nowcast,1.8,1.1,2.6,1.4,2.1,0.02
Nova Scotia,2020-03-18,nowcast,1.7,1.3,2.6,1.4,1.9,0.02
Nova Scotia,2020-03-19,nowcast,1.7,1.2,2.3,1.5,1.9,0
Nova Scotia,2020-03-20,nowcast,1.6,1.2,2.2,1.3,1.7,0.02
Nova Scotia,2020-03-21,nowcast,1.6,1.1,2.1,1.4,1.7,0.02
Nova Scotia,2020-03-22,nowcast,1.4,1,1.8,1.3,1.5,0
Nova Scotia,2020-03-23,nowcast,1.3,1.1,1.6,1.3,1.5,0
Nova Scotia,2020-03-24,nowcast,1.4,1.1,1.8,1.4,1.5,0.02
Nova Scotia,2020-03-25,nowcast,1.4,1.1,1.8,1.3,1.5,0.02
Nova Scotia,2020-03-26,nowcast,1.3,1.1,1.7,1.1,1.3,0
Nova Scotia,2020-03-27,nowcast,1.4,1.1,1.8,1.3,1.5,0
Nova Scotia,2020-03-28,nowcast,1.4,1.1,1.7,1.2,1.4,0
Nova Scotia,2020-03-29,nowcast,1.3,1,1.6,1.1,1.4,0
Nova Scotia,2020-03-30,nowcast,1.2,1,1.5,1.1,1.3,0.08
Nova Scotia,2020-03-31,nowcast,1.2,0.8,1.4,1.1,1.3,0.16
Nova Scotia,2020-04-01,nowcast,1.2,1,1.3,1.1,1.2,0.08
Nova Scotia,2020-04-02,nowcast,1.2,1,1.5,1,1.2,0.14
Nova Scotia,2020-04-03,nowcast,1.1,0.9,1.5,1,1.2,0.24
Nova Scotia,2020-04-04,nowcast,1.1,0.8,1.3,1,1.2,0.24
Nova Scotia,2020-04-05,nowcast,1.1,0.7,1.3,1,1.2,0.22
Nova Scotia,2020-04-06,nowcast,1.2,1,1.4,1.1,1.2,0.1
Nova Scotia,2020-04-07,nowcast,1.1,0.9,1.3,1.1,1.2,0.12
Nova Scotia,2020-04-08,nowcast,1.1,1,1.4,1.1,1.2,0.14
Nova Scotia,2020-04-09,nowcast,1.1,0.9,1.4,1,1.2,0.2
Nova Scotia,2020-04-10,nowcast,1.1,0.8,1.3,1,1.2,0.38
Nova Scotia,2020-04-11,nowcast,1,0.6,1.2,0.9,1.1,0.52
Nova Scotia,2020-04-12,nowcast,1,0.7,1.3,0.9,1.1,0.38
Nova Scotia,2020-04-13,nowcast,1.1,0.7,1.4,0.9,1.2,0.4
Nova Scotia,2020-04-14,nowcast,1,0.8,1.3,0.9,1.1,0.52
Nova Scotia,2020-04-15,nowcast,0.9,0.7,1.1,0.8,0.9,0.76
Nova Scotia,2020-04-16,nowcast,0.9,0.6,1.1,0.8,1,0.82
Nova Scotia,2020-04-17,nowcast,0.9,0.7,1.1,0.8,0.9,0.92
Nova Scotia,2020-04-18,nowcast,0.9,0.7,1.3,0.7,1,0.72
Nova Scotia,2020-04-19,nowcast,0.8,0.7,1.2,0.7,0.9,0.8
Nova Scotia,2020-04-20,nowcast,0.9,0.6,1.3,0.7,0.9,0.72
Nova Scotia,2020-04-21,forecast,0.8,0.6,1.4,0.6,0.9,0.68
Nova Scotia,2020-04-22,forecast,0.8,0.5,1.3,0.7,0.9,0.8
Nova Scotia,2020-04-23,forecast,0.9,0.5,1.3,0.7,1,0.64
Nova Scotia,2020-04-24,forecast,0.8,0.4,1.4,0.6,0.9,0.76
Nova Scotia,2020-04-25,forecast,0.7,0.2,1.4,0.5,1,0.72
Nova Scotia,2020-04-26,forecast,0.8,0.3,1.5,0.7,1,0.72
Nova Scotia,2020-04-27,forecast,0.8,0.2,1.6,0.5,0.9,0.74
Nova Scotia,2020-04-28,forecast,0.8,0,1.4,0.7,1.2,0.74
Nova Scotia,2020-04-29,forecast,0.8,0,1.5,0.3,0.9,0.68
Nova Scotia,2020-04-30,forecast,0.7,0,1.4,0.4,0.9,0.74
Nova Scotia,2020-05-01,forecast,0.8,0,1.5,0.7,1.2,0.68
Nova Scotia,2020-05-02,forecast,0.7,0,1.8,0,0.8,0.6
Nova Scotia,2020-05-03,forecast,0.7,0,1.5,0.5,1,0.72
Nova Scotia,2020-05-04,forecast,0.7,0,1.5,0,0.7,0.58
Ontario,2020-02-25,nowcast,2,1,3.3,1.6,2.4,0.06
Ontario,2020-02-26,nowcast,1.8,0.6,2.9,1.3,2.3,0.12
Ontario,2020-02-27,nowcast,1.8,1,2.8,1.6,2.2,0.04
Ontario,2020-02-28,nowcast,1.9,1.4,2.9,1.5,2,0.02
Ontario,2020-02-29,nowcast,2.1,1.2,3.2,1.6,2.3,0.02
Ontario,2020-03-01,nowcast,2.2,1.2,3.1,1.9,2.6,0
Ontario,2020-03-02,nowcast,2.2,1.1,3,1.8,2.4,0
Ontario,2020-03-03,nowcast,2.1,1.4,2.9,1.8,2.5,0
Ontario,2020-03-04,nowcast,2.1,1.3,2.6,1.9,2.3,0
Ontario,2020-03-05,nowcast,2.1,1.4,3.3,1.5,2.1,0
Ontario,2020-03-06,nowcast,2.1,1.6,3,1.8,2.2,0
Ontario,2020-03-07,nowcast,2.1,1.6,2.7,1.9,2.2,0
Ontario,2020-03-08,nowcast,2,1.7,2.6,1.7,2.1,0
Ontario,2020-03-09,nowcast,2,1.4,2.5,1.7,2.1,0
Ontario,2020-03-10,nowcast,1.9,1.2,2.5,1.7,2.1,0
Ontario,2020-03-11,nowcast,1.9,1.6,2.3,1.8,2,0
Ontario,2020-03-12,nowcast,2,1.7,2.3,2,2.2,0
Ontario,2020-03-13,nowcast,1.9,1.5,2.2,1.9,2,0
Ontario,2020-03-14,nowcast,1.8,1.5,2.3,1.8,2,0
Ontario,2020-03-15,nowcast,1.7,1.3,2.2,1.6,1.9,0
Ontario,2020-03-16,nowcast,1.7,1.5,2.3,1.6,1.8,0
Ontario,2020-03-17,nowcast,1.7,1.4,2,1.6,1.8,0
Ontario,2020-03-18,nowcast,1.8,1.4,2.2,1.6,1.9,0
Ontario,2020-03-19,nowcast,1.7,1.4,2.1,1.5,1.7,0
Ontario,2020-03-20,nowcast,1.7,1.4,2,1.5,1.7,0
Ontario,2020-03-21,nowcast,1.6,1.4,1.9,1.6,1.8,0
Ontario,2020-03-22,nowcast,1.6,1.3,1.9,1.6,1.7,0
Ontario,2020-03-23,nowcast,1.6,1.4,1.8,1.5,1.7,0
Ontario,2020-03-24,nowcast,1.5,1.3,1.7,1.5,1.6,0
Ontario,2020-03-25,nowcast,1.5,1.1,1.6,1.4,1.6,0
Ontario,2020-03-26,nowcast,1.4,1.2,1.5,1.4,1.5,0
Ontario,2020-03-27,nowcast,1.3,1.1,1.4,1.2,1.4,0
Ontario,2020-03-28,nowcast,1.2,1.1,1.4,1.2,1.3,0
Ontario,2020-03-29,nowcast,1.2,1.1,1.3,1.2,1.3,0
Ontario,2020-03-30,nowcast,1.1,1,1.2,1.1,1.1,0
Ontario,2020-03-31,nowcast,1.2,1.1,1.3,1.1,1.2,0
Ontario,2020-04-01,nowcast,1.1,1.1,1.3,1.1,1.2,0
Ontario,2020-04-02,nowcast,1.1,1.1,1.2,1.1,1.1,0
Ontario,2020-04-03,nowcast,1.1,1,1.1,1.1,1.1,0
Ontario,2020-04-04,nowcast,1.1,1,1.1,1,1.1,0.24
Ontario,2020-04-05,nowcast,1.1,1,1.2,1,1.1,0.12
Ontario,2020-04-06,nowcast,1.1,1,1.2,1.1,1.1,0.02
Ontario,2020-04-07,nowcast,1.1,1,1.1,1,1.1,0
Ontario,2020-04-08,nowcast,1.1,1.1,1.2,1.1,1.1,0
Ontario,2020-04-09,nowcast,1.1,1.1,1.2,1.1,1.1,0.02
Ontario,2020-04-10,nowcast,1.1,1,1.1,1.1,1.1,0
Ontario,2020-04-11,nowcast,1.1,1,1.1,1,1.1,0.02
Ontario,2020-04-12,nowcast,1.1,1,1.1,1,1.1,0.14
Ontario,2020-04-13,nowcast,1.1,1,1.1,1,1.1,0.1
Ontario,2020-04-14,nowcast,1,1,1.1,1,1.1,0.16
Ontario,2020-04-15,nowcast,1,1,1.1,1,1,0.3
Ontario,2020-04-16,nowcast,1,0.9,1,1,1,0.72
Ontario,2020-04-17,nowcast,0.9,0.9,1,0.9,1,0.78
Ontario,2020-04-18,nowcast,0.9,0.9,1,0.9,1,0.92
Ontario,2020-04-19,nowcast,0.9,0.9,1,0.9,0.9,1
Ontario,2020-04-20,nowcast,0.8,0.8,0.9,0.8,0.8,1
Ontario,2020-04-21,forecast,0.9,0.7,1.1,0.8,1,0.9
Ontario,2020-04-22,forecast,0.8,0.6,1.1,0.8,1,0.92
Ontario,2020-04-23,forecast,0.8,0.5,1.2,0.8,1,0.88
Ontario,2020-04-24,forecast,0.8,0.5,1.2,0.6,1,0.72
Ontario,2020-04-25,forecast,0.8,0.4,1.2,0.6,0.9,0.82
Ontario,2020-04-26,forecast,0.8,0.4,1.3,0.5,0.9,0.7
Ontario,2020-04-27,forecast,0.8,0.5,1.3,0.6,0.9,0.8
Ontario,2020-04-28,forecast,0.8,0.1,1.3,0.8,1.2,0.7
Ontario,2020-04-29,forecast,0.8,0.3,1.3,0.6,0.9,0.68
Ontario,2020-04-30,forecast,0.8,0,1.2,0.6,0.9,0.8
Ontario,2020-05-01,forecast,0.8,0,1.3,0.6,1.2,0.68
Ontario,2020-05-02,forecast,0.8,0.2,1.2,0.5,0.9,0.74
Ontario,2020-05-03,forecast,0.7,0.3,1.4,0.4,0.8,0.7
Ontario,2020-05-04,forecast,0.6,0,1.5,0.3,0.8,0.7
Quebec,2020-03-07,nowcast,2.5,2.2,2.8,2.3,2.6,0
Quebec,2020-03-08,nowcast,2.5,1.7,2.9,2.3,2.6,0
Quebec,2020-03-09,nowcast,2.5,2.1,2.8,2.2,2.5,0
Quebec,2020-03-10,nowcast,2.5,2,2.8,2.3,2.6,0
Quebec,2020-03-11,nowcast,2.4,1.9,2.7,2.2,2.5,0
Quebec,2020-03-12,nowcast,2.3,1.9,2.9,2,2.4,0
Quebec,2020-03-13,nowcast,2.3,1.9,2.7,2.2,2.4,0
Quebec,2020-03-14,nowcast,2.3,1.9,2.6,2,2.3,0
Quebec,2020-03-15,nowcast,2.1,1.8,2.4,1.8,2.1,0
Quebec,2020-03-16,nowcast,2,1.9,2.5,1.9,2,0
Quebec,2020-03-17,nowcast,1.9,1.8,2.2,1.8,2,0
Quebec,2020-03-18,nowcast,1.8,1.7,2.1,1.7,1.9,0
Quebec,2020-03-19,nowcast,1.7,1.5,2,1.7,1.8,0
Quebec,2020-03-20,nowcast,1.6,1.4,1.8,1.5,1.7,0
Quebec,2020-03-21,nowcast,1.5,1.3,1.6,1.3,1.5,0
Quebec,2020-03-22,nowcast,1.4,1.3,1.5,1.4,1.5,0
Quebec,2020-03-23,nowcast,1.4,1.3,1.6,1.3,1.5,0
Quebec,2020-03-24,nowcast,1.4,1.2,1.5,1.3,1.4,0
Quebec,2020-03-25,nowcast,1.3,1.2,1.4,1.3,1.4,0
Quebec,2020-03-26,nowcast,1.3,1.2,1.4,1.3,1.3,0
Quebec,2020-03-27,nowcast,1.2,1.2,1.3,1.2,1.3,0
Quebec,2020-03-28,nowcast,1.2,1.1,1.3,1.2,1.2,0
Quebec,2020-03-29,nowcast,1.1,1.1,1.2,1.1,1.2,0
Quebec,2020-03-30,nowcast,1.1,1,1.2,1.1,1.1,0.02
Quebec,2020-03-31,nowcast,1,1,1.1,1,1.1,0.18
Quebec,2020-04-01,nowcast,1,1,1.1,1,1,0.36
Quebec,2020-04-02,nowcast,1,0.9,1.1,1,1,0.52
Quebec,2020-04-03,nowcast,1,1,1.1,1,1,0.38
Quebec,2020-04-04,nowcast,1,1,1.1,1,1,0.38
Quebec,2020-04-05,nowcast,1,1,1.1,1,1,0.4
Quebec,2020-04-06,nowcast,1,1,1.1,1,1.1,0.3
Quebec,2020-04-07,nowcast,1,1,1.1,1,1.1,0.22
Quebec,2020-04-08,nowcast,1.1,0.9,1.1,1,1.1,0.16
Quebec,2020-04-09,nowcast,1.1,1,1.1,1.1,1.1,0
Quebec,2020-04-10,nowcast,1.1,1.1,1.2,1.1,1.1,0
Quebec,2020-04-11,nowcast,1.1,1,1.1,1.1,1.1,0
Quebec,2020-04-12,nowcast,1,1,1.1,1,1.1,0.06
Quebec,2020-04-13,nowcast,1,1,1.1,1,1.1,0.2
Quebec,2020-04-14,nowcast,1,0.9,1.1,1,1.1,0.36
Quebec,2020-04-15,nowcast,1,0.9,1.1,1,1,0.52
Quebec,2020-04-16,nowcast,1,0.9,1,1,1,0.58
Quebec,2020-04-17,nowcast,1,0.9,1,1,1,0.68
Quebec,2020-04-18,nowcast,1,0.9,1,1,1,0.78
Quebec,2020-04-19,nowcast,1,0.9,1,0.9,1,0.86
Quebec,2020-04-20,nowcast,1,0.9,1.1,0.9,1,0.66
Quebec,2020-04-21,forecast,1,0.9,1.1,0.9,1,0.56
Quebec,2020-04-22,forecast,1,0.9,1.1,0.9,1,0.66
Quebec,2020-04-23,forecast,1,0.7,1.1,0.9,1,0.68
Quebec,2020-04-24,forecast,0.9,0.7,1.2,0.9,1,0.62
Quebec,2020-04-25,forecast,0.9,0.6,1.2,0.8,1,0.62
Quebec,2020-04-26,forecast,1,0.7,1.2,0.8,1,0.58
Quebec,2020-04-27,forecast,0.9,0.6,1.2,0.8,1.1,0.68
Quebec,2020-04-28,forecast,1,0.6,1.4,0.7,1.1,0.6
Quebec,2020-04-29,forecast,1,0.5,1.4,0.8,1.1,0.52
Quebec,2020-04-30,forecast,0.9,0.5,1.3,0.6,0.9,0.6
Quebec,2020-05-01,forecast,0.9,0.5,1.5,0.7,1.1,0.58
Quebec,2020-05-02,forecast,0.9,0.4,1.3,0.6,1.1,0.6
Quebec,2020-05-03,forecast,0.8,0.2,1.2,0.7,1,0.64
Quebec,2020-05-04,forecast,0.8,0.3,1.3,0.7,1.1,0.68
Saskatchewan,2020-03-14,nowcast,1.8,1.2,2.4,1.5,2,0
Saskatchewan,2020-03-15,nowcast,1.5,1,2,1.4,1.8,0
Saskatchewan,2020-03-16,nowcast,1.5,1,2,1.2,1.6,0.1
Saskatchewan,2020-03-17,nowcast,1.3,0.9,2.1,1.1,1.5,0.1
Saskatchewan,2020-03-18,nowcast,1.3,0.9,1.6,1.3,1.5,0.08
Saskatchewan,2020-03-19,nowcast,1.3,0.9,1.7,1.1,1.4,0.1
Saskatchewan,2020-03-20,nowcast,1.2,0.8,1.7,1.1,1.4,0.2
Saskatchewan,2020-03-21,nowcast,1.1,0.8,1.6,0.9,1.3,0.32
Saskatchewan,2020-03-22,nowcast,1.1,0.7,1.6,0.9,1.2,0.24
Saskatchewan,2020-03-23,nowcast,1,0.7,1.5,1,1.2,0.44
Saskatchewan,2020-03-24,nowcast,0.9,0.7,1.3,0.7,1,0.62
Saskatchewan,2020-03-25,nowcast,0.9,0.6,1.1,0.7,0.9,0.78
Saskatchewan,2020-03-26,nowcast,0.8,0.5,1.1,0.6,0.8,0.86
Saskatchewan,2020-03-27,nowcast,0.7,0.4,1,0.6,0.8,0.9
Saskatchewan,2020-03-28,nowcast,0.8,0.5,1,0.7,0.9,0.92
Saskatchewan,2020-03-29,nowcast,0.7,0.5,1.2,0.5,0.8,0.82
Saskatchewan,2020-03-30,nowcast,0.7,0.4,1.2,0.5,0.8,0.78
Saskatchewan,2020-03-31,nowcast,0.8,0.3,0.9,0.7,0.9,0.96
Saskatchewan,2020-04-01,nowcast,0.7,0.4,1.1,0.6,0.8,0.9
Saskatchewan,2020-04-02,nowcast,0.6,0.4,1,0.5,0.7,0.96
Saskatchewan,2020-04-03,nowcast,0.7,0.3,1.3,0.4,0.8,0.76
Saskatchewan,2020-04-04,nowcast,0.6,0.3,1.1,0.4,0.8,0.86
Saskatchewan,2020-04-05,nowcast,0.6,0.2,1.1,0.4,0.7,0.86
Saskatchewan,2020-04-06,nowcast,0.6,0.1,1,0.5,0.8,0.9
Saskatchewan,2020-04-07,nowcast,0.5,0.2,0.9,0.4,0.6,0.98
Saskatchewan,2020-04-08,nowcast,0.8,0.4,1.3,0.8,1.2,0.72
Saskatchewan,2020-04-09,nowcast,0.8,0.5,1.5,0.6,0.9,0.7
Saskatchewan,2020-04-10,nowcast,0.8,0.5,1.7,0.5,0.8,0.74
Saskatchewan,2020-04-11,nowcast,1,0.6,1.8,0.6,1,0.5
Saskatchewan,2020-04-12,nowcast,1.3,0.9,2.4,0.9,1.4,0.14
Saskatchewan,2020-04-13,nowcast,1.6,0.9,2.5,1.2,1.8,0.06
Saskatchewan,2020-04-14,nowcast,1.6,0.9,2.5,1,1.6,0.1
Saskatchewan,2020-04-15,nowcast,1.6,0.7,2.3,1,1.8,0.14
Saskatchewan,2020-04-16,nowcast,1.6,0.5,2.5,1,1.7,0.18
Saskatchewan,2020-04-17,nowcast,1.3,0.4,2.4,0.5,1.3,0.28
Saskatchewan,2020-04-18,nowcast,1.2,0.5,2.7,1,1.7,0.3
Saskatchewan,2020-04-19,nowcast,1.3,0.7,2.4,0.8,1.4,0.28
Saskatchewan,2020-04-20,nowcast,1.6,0.6,2.3,1.4,1.8,0.12
Saskatchewan,2020-04-21,forecast,1.5,0.4,2.7,1.3,1.9,0.14
Saskatchewan,2020-04-22,forecast,1.7,1.1,3.3,1.2,1.9,0.06
Saskatchewan,2020-04-23,forecast,1.6,0.4,3.1,1.1,1.9,0.14
Saskatchewan,2020-04-24,forecast,1.7,0.9,3.5,1,1.8,0.1
Saskatchewan,2020-04-25,forecast,1.5,0,2.5,1.1,1.9,0.18
Saskatchewan,2020-04-26,forecast,1.5,0.2,3,0.9,1.8,0.3
Saskatchewan,2020-04-27,forecast,1.6,0,3.2,0.9,2.1,0.22
Saskatchewan,2020-04-28,forecast,1.6,0,3.1,1.2,2.3,0.22
Saskatchewan,2020-04-29,forecast,1.6,0,3.1,1.3,2.1,0.22
Saskatchewan,2020-04-30,forecast,1.5,0,2.9,0.7,2,0.28
Saskatchewan,2020-05-01,forecast,1.4,0.3,4.2,0.4,1.5,0.26
Saskatchewan,2020-05-02,forecast,1.4,0,3.2,0.8,1.9,0.32
Saskatchewan,2020-05-03,forecast,1.7,0.3,4,0.4,1.7,0.24
Saskatchewan,2020-05-04,forecast,1.5,0,3.6,0.8,2.1,0.34
