region,date,type,median,lower_90,upper_90,lower_50,upper_50,prob_control
California,2020-02-21,nowcast,2.2,1.6,3,2,2.4,0
California,2020-02-22,nowcast,2.1,1.4,2.7,1.6,2.2,0
California,2020-02-23,nowcast,2.1,1.4,2.7,1.6,2.2,0
California,2020-02-24,nowcast,2.1,1.5,2.9,1.8,2.3,0
California,2020-02-25,nowcast,2.3,1.9,3.1,1.9,2.5,0
California,2020-02-26,nowcast,2.2,1.6,2.7,2.1,2.5,0
California,2020-02-27,nowcast,2.1,1.4,2.5,1.8,2.2,0
California,2020-02-28,nowcast,2,1.7,2.7,1.9,2.2,0
California,2020-02-29,nowcast,2.2,1.7,2.9,1.9,2.3,0
California,2020-03-01,nowcast,2.1,1.7,2.6,2,2.3,0
California,2020-03-02,nowcast,2.1,1.7,2.4,1.7,2.1,0
California,2020-03-03,nowcast,2.1,1.7,2.5,1.8,2.2,0
California,2020-03-04,nowcast,2,1.8,2.3,2,2.3,0
California,2020-03-05,nowcast,2,1.8,2.3,1.9,2.1,0
California,2020-03-06,nowcast,2,1.6,2.4,1.9,2.2,0
California,2020-03-07,nowcast,1.9,1.6,2.3,1.8,2.1,0
California,2020-03-08,nowcast,1.9,1.8,2.4,1.8,1.9,0
California,2020-03-09,nowcast,2,1.8,2.2,1.9,2.1,0
California,2020-03-10,nowcast,2,1.8,2.2,1.8,2,0
California,2020-03-11,nowcast,1.9,1.7,2.1,1.7,1.9,0
California,2020-03-12,nowcast,1.8,1.6,2.2,1.7,1.8,0
California,2020-03-13,nowcast,1.8,1.7,2.1,1.7,1.8,0
California,2020-03-14,nowcast,1.8,1.6,2,1.6,1.8,0
California,2020-03-15,nowcast,1.8,1.5,1.9,1.7,1.9,0
California,2020-03-16,nowcast,1.8,1.6,2,1.7,1.8,0
California,2020-03-17,nowcast,1.7,1.5,1.8,1.6,1.7,0
California,2020-03-18,nowcast,1.7,1.5,1.8,1.6,1.7,0
California,2020-03-19,nowcast,1.6,1.5,1.7,1.5,1.6,0
California,2020-03-20,nowcast,1.5,1.4,1.6,1.5,1.6,0
California,2020-03-21,nowcast,1.5,1.4,1.5,1.4,1.5,0
California,2020-03-22,nowcast,1.4,1.3,1.5,1.4,1.4,0
California,2020-03-23,nowcast,1.3,1.2,1.4,1.3,1.4,0
California,2020-03-24,nowcast,1.3,1.2,1.4,1.3,1.4,0
California,2020-03-25,nowcast,1.3,1.2,1.4,1.2,1.3,0
California,2020-03-26,nowcast,1.2,1.1,1.3,1.2,1.2,0
California,2020-03-27,nowcast,1.2,1.1,1.2,1.1,1.2,0
California,2020-03-28,nowcast,1.1,1.1,1.2,1.1,1.1,0
California,2020-03-29,nowcast,1.1,1,1.1,1,1.1,0
California,2020-03-30,nowcast,1,1,1.1,1,1,0.22
California,2020-03-31,nowcast,1,1,1,1,1,0.36
California,2020-04-01,nowcast,1,1,1,1,1,0.54
California,2020-04-02,nowcast,1,1,1,1,1,0.3
California,2020-04-03,nowcast,1,1,1,1,1,0.56
California,2020-04-04,nowcast,1,1,1.1,1,1,0.44
California,2020-04-05,nowcast,1,1,1,1,1,0.46
California,2020-04-06,nowcast,1,1,1.1,1,1.1,0.14
California,2020-04-07,nowcast,1.1,1,1.1,1.1,1.1,0
California,2020-04-08,nowcast,1.1,1.1,1.2,1.1,1.1,0
California,2020-04-09,nowcast,1.1,1.1,1.2,1.1,1.2,0
California,2020-04-10,nowcast,1.1,1.1,1.2,1.1,1.1,0
California,2020-04-11,nowcast,1.1,1.1,1.2,1.1,1.2,0
California,2020-04-12,nowcast,1.2,1.1,1.2,1.1,1.2,0
California,2020-04-13,nowcast,1.1,1.1,1.2,1.1,1.2,0
California,2020-04-14,nowcast,1.2,1.1,1.2,1.1,1.2,0
California,2020-04-15,nowcast,1.1,1.1,1.2,1.1,1.2,0
California,2020-04-16,nowcast,1.1,1,1.2,1.1,1.1,0
California,2020-04-17,nowcast,1,1,1.1,1,1,0.04
California,2020-04-18,nowcast,1,0.9,1,1,1,0.82
California,2020-04-19,nowcast,0.9,0.9,1,0.9,0.9,1
California,2020-04-20,nowcast,1,0.9,1,0.9,1,0.98
California,2020-04-21,forecast,1,0.9,1.1,1,1,0.58
California,2020-04-22,forecast,0.9,0.8,1.1,0.9,1.1,0.64
California,2020-04-23,forecast,0.9,0.8,1.2,0.9,1,0.74
California,2020-04-24,forecast,1,0.7,1.1,0.9,1.1,0.56
California,2020-04-25,forecast,0.9,0.6,1.1,0.8,1,0.66
California,2020-04-26,forecast,0.9,0.6,1.1,0.8,1,0.74
California,2020-04-27,forecast,0.9,0.5,1.3,0.8,1,0.66
California,2020-04-28,forecast,0.9,0.7,1.5,0.7,1,0.64
California,2020-04-29,forecast,1,0.6,1.3,0.9,1.1,0.6
California,2020-04-30,forecast,1,0.5,1.4,0.9,1.2,0.56
California,2020-05-01,forecast,0.9,0.5,1.3,0.8,1.1,0.64
California,2020-05-02,forecast,0.9,0.5,1.8,0.6,1,0.64
California,2020-05-03,forecast,0.9,0.4,1.4,0.6,1,0.66
California,2020-05-04,forecast,0.9,0.5,1.3,0.7,1,0.7
Connecticut,2020-03-08,nowcast,2.2,1.7,2.7,2,2.3,0
Connecticut,2020-03-09,nowcast,2.2,1.7,2.7,1.9,2.3,0
Connecticut,2020-03-10,nowcast,2.2,1.6,2.7,2,2.5,0
Connecticut,2020-03-11,nowcast,2.3,1.8,2.7,2.1,2.4,0
Connecticut,2020-03-12,nowcast,2.2,1.7,2.5,2,2.3,0
Connecticut,2020-03-13,nowcast,2.1,1.7,2.4,1.9,2.2,0
Connecticut,2020-03-14,nowcast,2.1,1.7,2.3,2,2.3,0
Connecticut,2020-03-15,nowcast,2,1.7,2.5,1.9,2.1,0
Connecticut,2020-03-16,nowcast,2,1.7,2.5,1.9,2.1,0
Connecticut,2020-03-17,nowcast,2,1.7,2.4,2,2.3,0
Connecticut,2020-03-18,nowcast,1.9,1.5,2.2,1.8,2,0
Connecticut,2020-03-19,nowcast,1.8,1.3,2,1.7,1.9,0
Connecticut,2020-03-20,nowcast,1.8,1.4,2,1.7,1.9,0
Connecticut,2020-03-21,nowcast,1.7,1.5,1.9,1.5,1.7,0
Connecticut,2020-03-22,nowcast,1.6,1.4,1.8,1.5,1.7,0
Connecticut,2020-03-23,nowcast,1.5,1.4,1.7,1.5,1.6,0
Connecticut,2020-03-24,nowcast,1.5,1.4,1.7,1.5,1.6,0
Connecticut,2020-03-25,nowcast,1.5,1.3,1.6,1.4,1.5,0
Connecticut,2020-03-26,nowcast,1.4,1.2,1.5,1.4,1.5,0
Connecticut,2020-03-27,nowcast,1.4,1.2,1.5,1.4,1.5,0
Connecticut,2020-03-28,nowcast,1.3,1.2,1.5,1.3,1.4,0
Connecticut,2020-03-29,nowcast,1.3,1.2,1.4,1.3,1.3,0
Connecticut,2020-03-30,nowcast,1.3,1.2,1.3,1.2,1.3,0
Connecticut,2020-03-31,nowcast,1.2,1.2,1.4,1.2,1.2,0
Connecticut,2020-04-01,nowcast,1.2,1.1,1.3,1.2,1.2,0
Connecticut,2020-04-02,nowcast,1.1,1.1,1.2,1.1,1.2,0
Connecticut,2020-04-03,nowcast,1.1,1,1.2,1.1,1.1,0.04
Connecticut,2020-04-04,nowcast,1.1,1,1.1,1,1.1,0.04
Connecticut,2020-04-05,nowcast,1,1,1.1,1,1,0.26
Connecticut,2020-04-06,nowcast,1,1,1.1,1,1,0.32
Connecticut,2020-04-07,nowcast,1,1,1.1,1,1,0.24
Connecticut,2020-04-08,nowcast,1,1,1.1,1,1,0.22
Connecticut,2020-04-09,nowcast,1,0.9,1.1,1,1,0.32
Connecticut,2020-04-10,nowcast,1,1,1.1,1,1.1,0.2
Connecticut,2020-04-11,nowcast,1,1,1.1,1,1.1,0.1
Connecticut,2020-04-12,nowcast,1,1,1.1,1,1.1,0.16
Connecticut,2020-04-13,nowcast,1,1,1.1,1,1,0.26
Connecticut,2020-04-14,nowcast,1,1,1.1,1,1,0.3
Connecticut,2020-04-15,nowcast,1,0.9,1.1,1,1,0.54
Connecticut,2020-04-16,nowcast,0.9,0.9,1,0.9,1,0.96
Connecticut,2020-04-17,nowcast,0.8,0.8,0.9,0.8,0.9,1
Connecticut,2020-04-18,nowcast,0.7,0.7,0.8,0.7,0.7,1
Connecticut,2020-04-19,nowcast,0.7,0.6,0.8,0.7,0.7,1
Connecticut,2020-04-20,nowcast,0.7,0.6,0.8,0.7,0.7,1
Connecticut,2020-04-21,forecast,0.7,0.6,0.8,0.7,0.7,1
Connecticut,2020-04-22,forecast,0.6,0.5,0.8,0.6,0.7,1
Connecticut,2020-04-23,forecast,0.7,0.5,0.8,0.6,0.7,1
Connecticut,2020-04-24,forecast,0.6,0.4,0.8,0.5,0.7,1
Connecticut,2020-04-25,forecast,0.5,0.3,0.9,0.4,0.6,0.98
Connecticut,2020-04-26,forecast,0.6,0.4,0.8,0.5,0.7,1
Connecticut,2020-04-27,forecast,0.5,0.3,0.8,0.4,0.7,0.98
Connecticut,2020-04-28,forecast,0.5,0.3,0.8,0.3,0.6,1
Connecticut,2020-04-29,forecast,0.5,0.1,0.7,0.4,0.6,0.96
Connecticut,2020-04-30,forecast,0.5,0.1,0.9,0.4,0.7,0.96
Connecticut,2020-05-01,forecast,0.4,0.1,0.7,0.3,0.5,1
Connecticut,2020-05-02,forecast,0.4,0,0.8,0.2,0.5,0.98
Connecticut,2020-05-03,forecast,0.4,0,0.8,0.2,0.6,1
Connecticut,2020-05-04,forecast,0.4,0,0.9,0.1,0.5,1
Florida,2020-03-02,nowcast,2.5,1.7,3.6,2.1,2.6,0
Florida,2020-03-03,nowcast,2.4,1.8,3.7,2.1,2.5,0
Florida,2020-03-04,nowcast,2.4,1.9,3.8,2.1,2.6,0
Florida,2020-03-05,nowcast,2.4,1.9,3.4,2,2.6,0
Florida,2020-03-06,nowcast,2.4,1.9,3.1,2.3,2.8,0
Florida,2020-03-07,nowcast,2.4,1.8,2.9,2.1,2.6,0
Florida,2020-03-08,nowcast,2.4,1.9,2.9,2.3,2.7,0
Florida,2020-03-09,nowcast,2.3,1.7,2.6,2.2,2.5,0
Florida,2020-03-10,nowcast,2.2,1.7,2.7,2,2.4,0
Florida,2020-03-11,nowcast,2.1,1.8,2.6,1.8,2.1,0
Florida,2020-03-12,nowcast,2,1.8,2.6,1.7,2,0
Florida,2020-03-13,nowcast,2.1,1.6,2.4,2,2.3,0
Florida,2020-03-14,nowcast,2.1,1.6,2.3,2,2.3,0
Florida,2020-03-15,nowcast,2,1.6,2.4,1.9,2.3,0
Florida,2020-03-16,nowcast,1.9,1.5,2.3,1.8,2.1,0
Florida,2020-03-17,nowcast,1.8,1.6,2.1,1.8,2.1,0
Florida,2020-03-18,nowcast,1.8,1.6,2.1,1.6,1.9,0
Florida,2020-03-19,nowcast,1.7,1.5,1.9,1.7,1.9,0
Florida,2020-03-20,nowcast,1.7,1.5,1.8,1.7,1.8,0
Florida,2020-03-21,nowcast,1.6,1.4,1.8,1.4,1.6,0
Florida,2020-03-22,nowcast,1.5,1.3,1.6,1.4,1.6,0
Florida,2020-03-23,nowcast,1.4,1.3,1.6,1.3,1.4,0
Florida,2020-03-24,nowcast,1.3,1.2,1.5,1.3,1.4,0
Florida,2020-03-25,nowcast,1.3,1.2,1.4,1.2,1.3,0
Florida,2020-03-26,nowcast,1.2,1.1,1.3,1.2,1.3,0
Florida,2020-03-27,nowcast,1.2,1,1.2,1.2,1.2,0
Florida,2020-03-28,nowcast,1.1,1,1.2,1.1,1.2,0
Florida,2020-03-29,nowcast,1.1,1,1.1,1.1,1.1,0.06
Florida,2020-03-30,nowcast,1,1,1.1,1,1,0.26
Florida,2020-03-31,nowcast,1,0.9,1,1,1,0.7
Florida,2020-04-01,nowcast,1,0.9,1,1,1,0.88
Florida,2020-04-02,nowcast,0.9,0.9,1,0.9,0.9,0.96
Florida,2020-04-03,nowcast,0.9,0.9,1,0.9,1,1
Florida,2020-04-04,nowcast,0.9,0.9,1,0.9,0.9,1
Florida,2020-04-05,nowcast,0.9,0.8,0.9,0.9,0.9,1
Florida,2020-04-06,nowcast,0.9,0.8,0.9,0.9,0.9,1
Florida,2020-04-07,nowcast,0.9,0.9,0.9,0.9,0.9,1
Florida,2020-04-08,nowcast,0.9,0.9,0.9,0.9,0.9,1
Florida,2020-04-09,nowcast,0.9,0.9,1,0.9,0.9,1
Florida,2020-04-10,nowcast,0.9,0.9,1,0.9,0.9,0.98
Florida,2020-04-11,nowcast,0.9,0.9,1,0.9,0.9,0.98
Florida,2020-04-12,nowcast,0.9,0.9,1,0.9,0.9,1
Florida,2020-04-13,nowcast,0.9,0.8,1,0.9,1,1
Florida,2020-04-14,nowcast,0.9,0.8,0.9,0.9,0.9,1
Florida,2020-04-15,nowcast,0.9,0.8,0.9,0.8,0.9,0.96
Florida,2020-04-16,nowcast,0.9,0.8,1,0.9,1,1
Florida,2020-04-17,nowcast,0.9,0.8,1,0.9,0.9,1
Florida,2020-04-18,nowcast,0.9,0.8,0.9,0.8,0.9,1
Florida,2020-04-19,nowcast,0.8,0.8,0.9,0.8,0.8,1
Florida,2020-04-20,nowcast,0.8,0.7,0.9,0.8,0.8,1
Florida,2020-04-21,forecast,0.8,0.7,0.9,0.8,0.8,1
Florida,2020-04-22,forecast,0.8,0.6,0.9,0.7,0.9,1
Florida,2020-04-23,forecast,0.8,0.5,1,0.8,0.9,0.94
Florida,2020-04-24,forecast,0.7,0.5,1,0.6,0.8,0.98
Florida,2020-04-25,forecast,0.7,0.5,1,0.6,0.8,0.96
Florida,2020-04-26,forecast,0.7,0.5,1.1,0.6,0.9,0.92
Florida,2020-04-27,forecast,0.7,0.5,1.1,0.6,0.8,0.94
Florida,2020-04-28,forecast,0.7,0.4,1,0.6,0.8,0.92
Florida,2020-04-29,forecast,0.7,0.4,1,0.7,0.9,0.96
Florida,2020-04-30,forecast,0.6,0.3,1.2,0.6,0.8,0.96
Florida,2020-05-01,forecast,0.6,0.3,1,0.5,0.8,0.94
Florida,2020-05-02,forecast,0.6,0.2,1.2,0.4,0.8,0.88
Florida,2020-05-03,forecast,0.5,0,0.9,0.3,0.6,0.94
Florida,2020-05-04,forecast,0.7,0,1.1,0.5,0.8,0.84
Maine,2020-03-10,nowcast,2.2,1.5,2.8,1.8,2.3,0
Maine,2020-03-11,nowcast,2.1,1.3,2.8,1.9,2.5,0.02
Maine,2020-03-12,nowcast,2,1.2,3,1.7,2.4,0.08
Maine,2020-03-13,nowcast,1.7,1.1,2.3,1.4,1.9,0.06
Maine,2020-03-14,nowcast,1.5,1,2.3,1.1,1.5,0.02
Maine,2020-03-15,nowcast,1.5,1,2,1.3,1.7,0.04
Maine,2020-03-16,nowcast,1.5,1,2,1.2,1.6,0.02
Maine,2020-03-17,nowcast,1.5,0.8,1.8,1.3,1.7,0.14
Maine,2020-03-18,nowcast,1.5,1.2,2.1,1.3,1.6,0.06
Maine,2020-03-19,nowcast,1.6,1.2,2,1.4,1.8,0
Maine,2020-03-20,nowcast,1.5,1.1,1.8,1.4,1.7,0.02
Maine,2020-03-21,nowcast,1.4,1.1,1.9,1.3,1.7,0.04
Maine,2020-03-22,nowcast,1.4,1,1.9,1.3,1.6,0.04
Maine,2020-03-23,nowcast,1.3,0.9,1.7,1.1,1.4,0.12
Maine,2020-03-24,nowcast,1.3,0.9,1.5,1.3,1.5,0.1
Maine,2020-03-25,nowcast,1.2,0.8,1.4,1.1,1.3,0.22
Maine,2020-03-26,nowcast,1.1,0.7,1.3,1,1.3,0.38
Maine,2020-03-27,nowcast,1,0.6,1.3,0.9,1.1,0.48
Maine,2020-03-28,nowcast,1,0.7,1.3,0.9,1.1,0.54
Maine,2020-03-29,nowcast,1,0.7,1.2,0.9,1.1,0.54
Maine,2020-03-30,nowcast,0.9,0.7,1.1,0.8,1,0.74
Maine,2020-03-31,nowcast,0.9,0.6,1.1,0.8,1.1,0.66
Maine,2020-04-01,nowcast,0.9,0.7,1.2,0.9,1.1,0.7
Maine,2020-04-02,nowcast,0.9,0.7,1.4,0.9,1.1,0.66
Maine,2020-04-03,nowcast,1,0.7,1.3,0.9,1.1,0.52
Maine,2020-04-04,nowcast,1.1,0.9,1.6,0.9,1.1,0.2
Maine,2020-04-05,nowcast,1.1,0.9,1.5,0.9,1.2,0.34
Maine,2020-04-06,nowcast,1.1,0.8,1.4,0.9,1.1,0.32
Maine,2020-04-07,nowcast,1.1,0.9,1.5,0.9,1.1,0.34
Maine,2020-04-08,nowcast,1.1,0.8,1.4,1,1.1,0.3
Maine,2020-04-09,nowcast,0.9,0.7,1.2,0.9,1,0.68
Maine,2020-04-10,nowcast,0.9,0.4,1.1,0.8,1,0.78
Maine,2020-04-11,nowcast,0.8,0.5,1,0.7,0.9,0.9
Maine,2020-04-12,nowcast,0.8,0.5,1,0.8,0.9,0.92
Maine,2020-04-13,nowcast,0.9,0.6,1.1,0.7,1,0.86
Maine,2020-04-14,nowcast,0.9,0.6,1.1,0.8,1,0.74
Maine,2020-04-15,nowcast,0.9,0.6,1.1,0.8,1,0.82
Maine,2020-04-16,nowcast,1,0.7,1.3,0.8,1.1,0.44
Maine,2020-04-17,nowcast,1,0.8,1.3,0.8,1,0.44
Maine,2020-04-18,nowcast,1.1,0.8,1.4,1,1.3,0.34
Maine,2020-04-19,nowcast,1,0.6,1.3,0.8,1.1,0.56
Maine,2020-04-20,nowcast,1,0.5,1.6,0.8,1.1,0.58
Maine,2020-04-21,forecast,0.9,0.3,1.4,0.8,1.2,0.52
Maine,2020-04-22,forecast,1.1,0.2,1.5,0.9,1.3,0.44
Maine,2020-04-23,forecast,0.9,0.3,1.6,0.6,1.2,0.52
Maine,2020-04-24,forecast,1,0.3,1.7,0.8,1.2,0.46
Maine,2020-04-25,forecast,1,0.2,1.9,0.7,1.2,0.56
Maine,2020-04-26,forecast,0.9,0,1.7,0.6,1.3,0.58
Maine,2020-04-27,forecast,1,0,1.7,0.8,1.5,0.5
Maine,2020-04-28,forecast,0.6,0,1.8,0,0.6,0.62
Maine,2020-04-29,forecast,0.8,0,1.6,0.3,0.9,0.68
Maine,2020-04-30,forecast,1.1,0.2,2,0.5,1.2,0.44
Maine,2020-05-01,forecast,1,0,1.8,0.7,1.5,0.56
Maine,2020-05-02,forecast,0.9,0,2,0,0.9,0.54
Maine,2020-05-03,forecast,0.7,0,1.9,0,0.7,0.66
Maine,2020-05-04,forecast,1,0,1.8,0.8,1.5,0.48
Massachusetts,2020-03-01,nowcast,2.3,1.7,3.6,1.7,2.3,0
Massachusetts,2020-03-02,nowcast,2.2,1.6,3.6,1.6,2.3,0
Massachusetts,2020-03-03,nowcast,2.4,1.5,2.9,2.2,2.8,0
Massachusetts,2020-03-04,nowcast,2.1,1.7,3.4,1.7,2.2,0
Massachusetts,2020-03-05,nowcast,2.1,1.5,3,1.9,2.3,0
Massachusetts,2020-03-06,nowcast,2.2,1.6,2.8,2.2,2.5,0
Massachusetts,2020-03-07,nowcast,2.3,1.8,2.9,2.1,2.5,0
Massachusetts,2020-03-08,nowcast,2.4,1.7,2.8,2.3,2.8,0
Massachusetts,2020-03-09,nowcast,2.5,1.8,3,2.4,3,0
Massachusetts,2020-03-10,nowcast,2.4,1.8,3,2.4,3,0
Massachusetts,2020-03-11,nowcast,2.3,1.8,2.9,2.2,2.8,0
Massachusetts,2020-03-12,nowcast,2.4,1.8,2.9,2,2.6,0
Massachusetts,2020-03-13,nowcast,2.4,1.9,2.8,2,2.5,0
Massachusetts,2020-03-14,nowcast,2.2,1.9,2.8,1.8,2.2,0
Massachusetts,2020-03-15,nowcast,2.2,1.7,2.8,1.8,2.2,0
Massachusetts,2020-03-16,nowcast,2.2,1.7,2.8,2,2.4,0
Massachusetts,2020-03-17,nowcast,2.1,1.7,2.6,1.9,2.3,0
Massachusetts,2020-03-18,nowcast,2,1.6,2.6,2,2.3,0
Massachusetts,2020-03-19,nowcast,1.9,1.6,2.5,1.6,1.9,0
Massachusetts,2020-03-20,nowcast,1.8,1.5,2.2,1.5,1.8,0
Massachusetts,2020-03-21,nowcast,1.6,1.4,2,1.6,1.8,0
Massachusetts,2020-03-22,nowcast,1.6,1.3,1.8,1.4,1.7,0
Massachusetts,2020-03-23,nowcast,1.5,1.2,1.7,1.4,1.6,0
Massachusetts,2020-03-24,nowcast,1.4,1.2,1.6,1.3,1.4,0
Massachusetts,2020-03-25,nowcast,1.4,1.3,1.5,1.3,1.4,0
Massachusetts,2020-03-26,nowcast,1.4,1.3,1.5,1.3,1.4,0
Massachusetts,2020-03-27,nowcast,1.3,1.2,1.5,1.3,1.4,0
Massachusetts,2020-03-28,nowcast,1.3,1.2,1.4,1.3,1.4,0
Massachusetts,2020-03-29,nowcast,1.3,1.2,1.5,1.2,1.3,0
Massachusetts,2020-03-30,nowcast,1.3,1.2,1.4,1.2,1.3,0
Massachusetts,2020-03-31,nowcast,1.3,1.2,1.4,1.2,1.3,0
Massachusetts,2020-04-01,nowcast,1.3,1.2,1.4,1.2,1.3,0
Massachusetts,2020-04-02,nowcast,1.3,1.2,1.4,1.2,1.3,0
Massachusetts,2020-04-03,nowcast,1.2,1.2,1.4,1.2,1.2,0
Massachusetts,2020-04-04,nowcast,1.2,1.1,1.3,1.1,1.2,0
Massachusetts,2020-04-05,nowcast,1.1,1.1,1.2,1.1,1.2,0
Massachusetts,2020-04-06,nowcast,1.1,1,1.2,1.1,1.1,0
Massachusetts,2020-04-07,nowcast,1.1,1,1.2,1.1,1.1,0.02
Massachusetts,2020-04-08,nowcast,1.1,1,1.1,1,1.1,0
Massachusetts,2020-04-09,nowcast,1.1,1,1.1,1,1.1,0
Massachusetts,2020-04-10,nowcast,1.1,1.1,1.2,1.1,1.1,0
Massachusetts,2020-04-11,nowcast,1.1,1.1,1.2,1.1,1.1,0
Massachusetts,2020-04-12,nowcast,1.1,1.1,1.1,1.1,1.1,0
Massachusetts,2020-04-13,nowcast,1.1,1.1,1.1,1.1,1.1,0
Massachusetts,2020-04-14,nowcast,1.1,1,1.2,1.1,1.1,0
Massachusetts,2020-04-15,nowcast,1.1,1.1,1.2,1.1,1.1,0
Massachusetts,2020-04-16,nowcast,1.2,1.1,1.2,1.1,1.2,0
Massachusetts,2020-04-17,nowcast,1.1,1.1,1.2,1.1,1.2,0
Massachusetts,2020-04-18,nowcast,1.1,1,1.2,1.1,1.2,0.02
Massachusetts,2020-04-19,nowcast,1,1,1.1,1,1.1,0.4
Massachusetts,2020-04-20,nowcast,0.8,0.8,1,0.8,0.9,1
Massachusetts,2020-04-21,forecast,0.8,0.7,0.9,0.8,0.9,1
Massachusetts,2020-04-22,forecast,0.8,0.6,0.9,0.7,0.9,1
Massachusetts,2020-04-23,forecast,0.8,0.6,1,0.8,0.9,0.98
Massachusetts,2020-04-24,forecast,0.8,0.6,1,0.7,0.8,0.98
Massachusetts,2020-04-25,forecast,0.7,0.4,1.1,0.6,0.8,0.96
Massachusetts,2020-04-26,forecast,0.7,0.3,1.1,0.6,0.8,0.96
Massachusetts,2020-04-27,forecast,0.6,0.4,0.9,0.6,0.8,1
Massachusetts,2020-04-28,forecast,0.6,0,1,0.5,0.8,0.96
Massachusetts,2020-04-29,forecast,0.6,0.2,0.9,0.5,0.8,0.96
Massachusetts,2020-04-30,forecast,0.6,0.1,1,0.4,0.7,0.96
Massachusetts,2020-05-01,forecast,0.5,0.1,1,0.4,0.8,0.98
Massachusetts,2020-05-02,forecast,0.6,0,1,0.5,0.9,0.94
Massachusetts,2020-05-03,forecast,0.6,0,0.9,0.6,0.9,0.98
Massachusetts,2020-05-04,forecast,0.5,0,1,0,0.5,0.92
New Jersey,2020-03-04,nowcast,2.6,2.2,3.2,2.3,2.7,0
New Jersey,2020-03-05,nowcast,2.5,2.2,3.1,2.3,2.7,0
New Jersey,2020-03-06,nowcast,2.5,2.2,2.8,2.4,2.7,0
New Jersey,2020-03-07,nowcast,2.5,2.1,2.7,2.4,2.7,0
New Jersey,2020-03-08,nowcast,2.4,2,2.8,2.2,2.6,0
New Jersey,2020-03-09,nowcast,2.3,2,2.7,2.2,2.4,0
New Jersey,2020-03-10,nowcast,2.3,2,2.6,2,2.3,0
New Jersey,2020-03-11,nowcast,2.3,2,2.6,2.1,2.4,0
New Jersey,2020-03-12,nowcast,2.2,2,2.5,2.2,2.5,0
New Jersey,2020-03-13,nowcast,2.2,1.9,2.4,2.2,2.3,0
New Jersey,2020-03-14,nowcast,2.1,1.8,2.4,2,2.2,0
New Jersey,2020-03-15,nowcast,2,1.8,2.3,1.9,2,0
New Jersey,2020-03-16,nowcast,1.9,1.7,2.2,1.7,1.9,0
New Jersey,2020-03-17,nowcast,1.9,1.7,2.1,1.7,1.9,0
New Jersey,2020-03-18,nowcast,1.8,1.6,2,1.7,1.9,0
New Jersey,2020-03-19,nowcast,1.7,1.6,1.9,1.6,1.8,0
New Jersey,2020-03-20,nowcast,1.6,1.5,1.8,1.5,1.7,0
New Jersey,2020-03-21,nowcast,1.6,1.4,1.7,1.5,1.7,0
New Jersey,2020-03-22,nowcast,1.5,1.3,1.6,1.5,1.6,0
New Jersey,2020-03-23,nowcast,1.4,1.3,1.5,1.4,1.5,0
New Jersey,2020-03-24,nowcast,1.3,1.3,1.5,1.3,1.3,0
New Jersey,2020-03-25,nowcast,1.3,1.2,1.4,1.2,1.3,0
New Jersey,2020-03-26,nowcast,1.3,1.2,1.3,1.2,1.3,0
New Jersey,2020-03-27,nowcast,1.2,1.1,1.3,1.1,1.2,0
New Jersey,2020-03-28,nowcast,1.2,1.1,1.2,1.1,1.2,0
New Jersey,2020-03-29,nowcast,1.1,1,1.1,1.1,1.1,0
New Jersey,2020-03-30,nowcast,1,1,1.1,1,1.1,0.02
New Jersey,2020-03-31,nowcast,1,1,1.1,1,1,0.56
New Jersey,2020-04-01,nowcast,1,0.9,1,1,1,0.78
New Jersey,2020-04-02,nowcast,1,0.9,1,1,1,0.68
New Jersey,2020-04-03,nowcast,1,1,1,1,1,0.66
New Jersey,2020-04-04,nowcast,1,1,1,1,1,0.56
New Jersey,2020-04-05,nowcast,1,1,1,1,1,0.56
New Jersey,2020-04-06,nowcast,1,1,1,1,1,0.6
New Jersey,2020-04-07,nowcast,1,1,1,1,1,0.7
New Jersey,2020-04-08,nowcast,1,1,1,1,1,0.78
New Jersey,2020-04-09,nowcast,1,1,1,1,1,0.68
New Jersey,2020-04-10,nowcast,1,1,1,1,1,0.74
New Jersey,2020-04-11,nowcast,1,1,1,1,1,0.76
New Jersey,2020-04-12,nowcast,1,1,1,1,1,0.78
New Jersey,2020-04-13,nowcast,1,1,1,1,1,0.8
New Jersey,2020-04-14,nowcast,1,1,1,1,1,0.84
New Jersey,2020-04-15,nowcast,1,0.9,1,1,1,1
New Jersey,2020-04-16,nowcast,0.9,0.9,1,0.9,1,1
New Jersey,2020-04-17,nowcast,0.9,0.9,1,0.9,0.9,1
New Jersey,2020-04-18,nowcast,0.9,0.9,0.9,0.9,0.9,1
New Jersey,2020-04-19,nowcast,0.9,0.8,0.9,0.9,0.9,1
New Jersey,2020-04-20,nowcast,0.9,0.9,0.9,0.9,0.9,1
New Jersey,2020-04-21,forecast,0.9,0.8,0.9,0.8,0.9,1
New Jersey,2020-04-22,forecast,0.9,0.8,1,0.8,0.9,1
New Jersey,2020-04-23,forecast,0.8,0.7,1,0.8,0.9,1
New Jersey,2020-04-24,forecast,0.8,0.7,1,0.7,0.8,1
New Jersey,2020-04-25,forecast,0.8,0.7,1,0.8,0.9,0.92
New Jersey,2020-04-26,forecast,0.8,0.6,1.1,0.7,0.9,0.9
New Jersey,2020-04-27,forecast,0.8,0.6,1,0.7,0.8,0.9
New Jersey,2020-04-28,forecast,0.8,0.6,1,0.6,0.9,0.88
New Jersey,2020-04-29,forecast,0.8,0.4,1.1,0.8,1,0.84
New Jersey,2020-04-30,forecast,0.8,0.6,1.2,0.7,0.9,0.82
New Jersey,2020-05-01,forecast,0.8,0.5,1.2,0.7,0.9,0.88
New Jersey,2020-05-02,forecast,0.8,0.5,1,0.7,0.9,0.94
New Jersey,2020-05-03,forecast,0.7,0.5,1,0.5,0.8,0.86
New Jersey,2020-05-04,forecast,0.7,0.3,1.1,0.6,0.9,0.88
New York,2020-02-28,nowcast,2.7,2.1,3,2.6,3,0
New York,2020-02-29,nowcast,2.6,2.1,2.9,2.5,2.8,0
New York,2020-03-01,nowcast,2.5,2.2,2.8,2.5,2.8,0
New York,2020-03-02,nowcast,2.4,2,2.7,2.3,2.5,0
New York,2020-03-03,nowcast,2.4,2.1,2.8,2.3,2.5,0
New York,2020-03-04,nowcast,2.4,2.1,2.6,2.3,2.4,0
New York,2020-03-05,nowcast,2.4,2.1,2.6,2.2,2.4,0
New York,2020-03-06,nowcast,2.3,2.1,2.6,2.3,2.6,0
New York,2020-03-07,nowcast,2.4,2.1,2.6,2.3,2.5,0
New York,2020-03-08,nowcast,2.2,2,2.5,2.1,2.3,0
New York,2020-03-09,nowcast,2.2,1.9,2.5,2.1,2.3,0
New York,2020-03-10,nowcast,2.1,1.9,2.4,1.9,2.2,0
New York,2020-03-11,nowcast,2.1,1.8,2.3,2,2.3,0
New York,2020-03-12,nowcast,2,1.8,2.3,2,2.2,0
New York,2020-03-13,nowcast,2,1.8,2.2,1.8,2,0
New York,2020-03-14,nowcast,1.8,1.7,2,1.7,1.9,0
New York,2020-03-15,nowcast,1.7,1.6,1.8,1.7,1.8,0
New York,2020-03-16,nowcast,1.6,1.5,1.7,1.6,1.7,0
New York,2020-03-17,nowcast,1.5,1.4,1.6,1.5,1.6,0
New York,2020-03-18,nowcast,1.4,1.3,1.5,1.4,1.5,0
New York,2020-03-19,nowcast,1.3,1.3,1.4,1.3,1.4,0
New York,2020-03-20,nowcast,1.3,1.2,1.4,1.3,1.3,0
New York,2020-03-21,nowcast,1.2,1.2,1.3,1.2,1.2,0
New York,2020-03-22,nowcast,1.2,1.2,1.2,1.2,1.2,0
New York,2020-03-23,nowcast,1.2,1.2,1.3,1.2,1.2,0
New York,2020-03-24,nowcast,1.2,1.1,1.2,1.1,1.2,0
New York,2020-03-25,nowcast,1.2,1.1,1.2,1.1,1.2,0
New York,2020-03-26,nowcast,1.1,1.1,1.2,1.1,1.1,0
New York,2020-03-27,nowcast,1.1,1.1,1.1,1.1,1.1,0
New York,2020-03-28,nowcast,1.1,1.1,1.1,1.1,1.1,0
New York,2020-03-29,nowcast,1.1,1,1.1,1,1.1,0
New York,2020-03-30,nowcast,1,1,1,1,1,0.22
New York,2020-03-31,nowcast,1,1,1,1,1,0.98
New York,2020-04-01,nowcast,1,1,1,1,1,1
New York,2020-04-02,nowcast,1,1,1,1,1,1
New York,2020-04-03,nowcast,1,0.9,1,1,1,1
New York,2020-04-04,nowcast,0.9,0.9,1,0.9,1,1
New York,2020-04-05,nowcast,0.9,0.9,0.9,0.9,0.9,1
New York,2020-04-06,nowcast,0.9,0.9,0.9,0.9,0.9,1
New York,2020-04-07,nowcast,0.9,0.9,0.9,0.9,0.9,1
New York,2020-04-08,nowcast,0.9,0.9,0.9,0.9,0.9,1
New York,2020-04-09,nowcast,0.9,0.9,0.9,0.9,0.9,1
New York,2020-04-10,nowcast,0.9,0.9,0.9,0.9,0.9,1
New York,2020-04-11,nowcast,0.9,0.8,0.9,0.8,0.9,1
New York,2020-04-12,nowcast,0.8,0.8,0.9,0.8,0.8,1
New York,2020-04-13,nowcast,0.8,0.8,0.9,0.8,0.8,1
New York,2020-04-14,nowcast,0.9,0.8,0.9,0.9,0.9,1
New York,2020-04-15,nowcast,0.9,0.9,0.9,0.9,0.9,1
New York,2020-04-16,nowcast,1,0.9,1,0.9,1,0.96
New York,2020-04-17,nowcast,1,1,1,1,1,0.38
New York,2020-04-18,nowcast,1,1,1,1,1,0.06
New York,2020-04-19,nowcast,1,0.9,1,1,1,0.96
New York,2020-04-20,nowcast,0.9,0.8,0.9,0.9,0.9,1
New York,2020-04-21,forecast,0.8,0.8,0.9,0.8,0.8,1
New York,2020-04-22,forecast,0.8,0.6,0.8,0.7,0.8,1
New York,2020-04-23,forecast,0.7,0.5,0.9,0.6,0.8,1
New York,2020-04-24,forecast,0.6,0.5,0.8,0.6,0.7,1
New York,2020-04-25,forecast,0.6,0.4,0.8,0.5,0.7,1
New York,2020-04-26,forecast,0.6,0.2,0.8,0.5,0.8,1
New York,2020-04-27,forecast,0.5,0.3,0.9,0.3,0.6,1
New York,2020-04-28,forecast,0.5,0.2,0.8,0.3,0.6,1
New York,2020-04-29,forecast,0.5,0,0.8,0.5,0.8,0.98
New York,2020-04-30,forecast,0.5,0,0.7,0.4,0.7,0.98
New York,2020-05-01,forecast,0.4,0,0.8,0,0.4,0.98
New York,2020-05-02,forecast,0.4,0,0.8,0,0.4,0.98
New York,2020-05-03,forecast,0.4,0,0.8,0,0.4,0.96
New York,2020-05-04,forecast,0.2,0,0.8,0,0.2,0.96
Pennsylvania,2020-03-07,nowcast,2.4,1.8,3.1,1.8,2.4,0
Pennsylvania,2020-03-08,nowcast,2.4,1.9,3.4,1.9,2.4,0
Pennsylvania,2020-03-09,nowcast,2.5,1.9,3.3,2.3,2.8,0
Pennsylvania,2020-03-10,nowcast,2.4,2,3.3,2.2,2.5,0
Pennsylvania,2020-03-11,nowcast,2.2,1.9,3.5,2,2.3,0
Pennsylvania,2020-03-12,nowcast,2.2,1.9,3.2,2,2.3,0
Pennsylvania,2020-03-13,nowcast,2.2,1.9,3.2,2,2.3,0
Pennsylvania,2020-03-14,nowcast,2.2,1.9,2.9,2,2.3,0
Pennsylvania,2020-03-15,nowcast,2.1,1.9,2.7,2,2.2,0
Pennsylvania,2020-03-16,nowcast,2,1.8,2.6,1.9,2.1,0
Pennsylvania,2020-03-17,nowcast,1.9,1.8,2.7,1.9,2,0
Pennsylvania,2020-03-18,nowcast,1.9,1.7,2.4,1.8,2,0
Pennsylvania,2020-03-19,nowcast,1.9,1.7,2.4,1.8,1.9,0
Pennsylvania,2020-03-20,nowcast,1.8,1.6,2.3,1.7,1.9,0
Pennsylvania,2020-03-21,nowcast,1.7,1.5,2.2,1.7,1.8,0
Pennsylvania,2020-03-22,nowcast,1.6,1.5,2.1,1.5,1.7,0
Pennsylvania,2020-03-23,nowcast,1.6,1.4,2,1.5,1.6,0
Pennsylvania,2020-03-24,nowcast,1.5,1.4,1.9,1.5,1.6,0
Pennsylvania,2020-03-25,nowcast,1.5,1.4,1.9,1.4,1.5,0
Pennsylvania,2020-03-26,nowcast,1.4,1.4,1.8,1.4,1.5,0
Pennsylvania,2020-03-27,nowcast,1.4,1.3,1.6,1.3,1.4,0
Pennsylvania,2020-03-28,nowcast,1.4,1.2,1.6,1.3,1.4,0
Pennsylvania,2020-03-29,nowcast,1.3,1.2,1.4,1.2,1.3,0
Pennsylvania,2020-03-30,nowcast,1.2,1.1,1.3,1.2,1.2,0
Pennsylvania,2020-03-31,nowcast,1.1,1.1,1.3,1.1,1.2,0
Pennsylvania,2020-04-01,nowcast,1.1,1,1.2,1,1.1,0
Pennsylvania,2020-04-02,nowcast,1,1,1.1,1,1.1,0.06
Pennsylvania,2020-04-03,nowcast,1,1,1.1,1,1,0.22
Pennsylvania,2020-04-04,nowcast,1,0.9,1.1,1,1,0.62
Pennsylvania,2020-04-05,nowcast,0.9,0.9,1,0.9,1,0.88
Pennsylvania,2020-04-06,nowcast,0.9,0.9,1,0.9,0.9,1
Pennsylvania,2020-04-07,nowcast,0.9,0.9,1,0.9,0.9,1
Pennsylvania,2020-04-08,nowcast,1,0.9,1,0.9,1,0.96
Pennsylvania,2020-04-09,nowcast,1,0.9,1,1,1,0.84
Pennsylvania,2020-04-10,nowcast,1,0.9,1,1,1,0.76
Pennsylvania,2020-04-11,nowcast,1,1,1.1,1,1,0.62
Pennsylvania,2020-04-12,nowcast,1,1,1,1,1,0.58
Pennsylvania,2020-04-13,nowcast,1,0.9,1,1,1,0.92
Pennsylvania,2020-04-14,nowcast,1,0.9,1,0.9,1,0.92
Pennsylvania,2020-04-15,nowcast,1,0.9,1,1,1,0.8
Pennsylvania,2020-04-16,nowcast,1,1,1,1,1,0.64
Pennsylvania,2020-04-17,nowcast,1,1,1,1,1,0.58
Pennsylvania,2020-04-18,nowcast,1,0.9,1,1,1,0.86
Pennsylvania,2020-04-19,nowcast,0.9,0.9,1,0.9,1,1
Pennsylvania,2020-04-20,nowcast,0.9,0.8,0.9,0.9,0.9,1
Pennsylvania,2020-04-21,forecast,0.9,0.8,0.9,0.8,0.9,1
Pennsylvania,2020-04-22,forecast,0.8,0.7,1,0.8,0.9,1
Pennsylvania,2020-04-23,forecast,0.8,0.7,1,0.7,0.8,0.98
Pennsylvania,2020-04-24,forecast,0.8,0.6,1,0.8,0.9,0.96
Pennsylvania,2020-04-25,forecast,0.8,0.5,1,0.8,0.9,0.94
Pennsylvania,2020-04-26,forecast,0.8,0.5,1.1,0.7,0.9,0.9
Pennsylvania,2020-04-27,forecast,0.8,0.5,1,0.7,0.9,0.88
Pennsylvania,2020-04-28,forecast,0.7,0.4,1,0.5,0.8,0.92
Pennsylvania,2020-04-29,forecast,0.8,0.5,1.1,0.6,0.9,0.82
Pennsylvania,2020-04-30,forecast,0.7,0.4,1,0.6,0.9,0.92
Pennsylvania,2020-05-01,forecast,0.7,0.4,1,0.6,0.8,0.92
Pennsylvania,2020-05-02,forecast,0.7,0.3,1,0.4,0.8,0.9
Pennsylvania,2020-05-03,forecast,0.7,0.4,1,0.5,0.8,0.9
Pennsylvania,2020-05-04,forecast,0.8,0.3,1.1,0.7,1,0.92
South Carolina,2020-03-09,nowcast,2.1,1.7,2.7,1.9,2.3,0
South Carolina,2020-03-10,nowcast,2.1,1.7,2.8,1.8,2.2,0
South Carolina,2020-03-11,nowcast,2,1.7,2.9,1.7,2.1,0
South Carolina,2020-03-12,nowcast,2,1.5,2.5,1.9,2.2,0
South Carolina,2020-03-13,nowcast,1.8,1.5,2.5,1.7,1.9,0
South Carolina,2020-03-14,nowcast,1.8,1.5,2.2,1.7,1.9,0
South Carolina,2020-03-15,nowcast,1.7,1.4,2.2,1.5,1.8,0
South Carolina,2020-03-16,nowcast,1.7,1.4,2,1.6,1.8,0
South Carolina,2020-03-17,nowcast,1.6,1.3,1.9,1.6,1.7,0
South Carolina,2020-03-18,nowcast,1.6,1.4,1.9,1.6,1.7,0
South Carolina,2020-03-19,nowcast,1.6,1.3,1.9,1.5,1.8,0
South Carolina,2020-03-20,nowcast,1.5,1.2,1.8,1.5,1.7,0
South Carolina,2020-03-21,nowcast,1.5,1.2,1.8,1.4,1.6,0
South Carolina,2020-03-22,nowcast,1.5,1.3,1.7,1.4,1.5,0
South Carolina,2020-03-23,nowcast,1.5,1.3,1.6,1.4,1.5,0
South Carolina,2020-03-24,nowcast,1.4,1.3,1.6,1.4,1.5,0
South Carolina,2020-03-25,nowcast,1.3,1.2,1.5,1.3,1.4,0
South Carolina,2020-03-26,nowcast,1.3,1.2,1.4,1.3,1.4,0
South Carolina,2020-03-27,nowcast,1.2,1.1,1.3,1.1,1.2,0.02
South Carolina,2020-03-28,nowcast,1.1,1,1.3,1.1,1.2,0.14
South Carolina,2020-03-29,nowcast,1.1,0.9,1.2,1,1.1,0.22
South Carolina,2020-03-30,nowcast,1,0.9,1.2,1,1.1,0.42
South Carolina,2020-03-31,nowcast,1,0.9,1.1,1,1.1,0.48
South Carolina,2020-04-01,nowcast,1,0.9,1.1,1,1.1,0.46
South Carolina,2020-04-02,nowcast,1,0.9,1.1,0.9,1,0.64
South Carolina,2020-04-03,nowcast,1,0.9,1,0.9,1,0.74
South Carolina,2020-04-04,nowcast,0.9,0.8,1,0.9,1,0.86
South Carolina,2020-04-05,nowcast,0.9,0.8,1,0.9,0.9,0.98
South Carolina,2020-04-06,nowcast,0.9,0.8,1,0.9,1,0.92
South Carolina,2020-04-07,nowcast,0.9,0.8,1,0.9,1,1
South Carolina,2020-04-08,nowcast,0.9,0.8,1,0.9,0.9,0.98
South Carolina,2020-04-09,nowcast,0.9,0.8,1,0.9,0.9,0.84
South Carolina,2020-04-10,nowcast,1,0.9,1.1,0.9,1,0.72
South Carolina,2020-04-11,nowcast,1,0.9,1.1,0.9,1,0.5
South Carolina,2020-04-12,nowcast,1,0.9,1.1,1,1.1,0.52
South Carolina,2020-04-13,nowcast,1,0.9,1.1,0.9,1,0.62
South Carolina,2020-04-14,nowcast,1,0.9,1.1,1,1.1,0.4
South Carolina,2020-04-15,nowcast,1,0.9,1.1,1,1,0.42
South Carolina,2020-04-16,nowcast,1,1,1.2,1,1.1,0.16
South Carolina,2020-04-17,nowcast,1.1,0.9,1.2,1,1.1,0.18
South Carolina,2020-04-18,nowcast,1.1,0.9,1.2,1,1.1,0.26
South Carolina,2020-04-19,nowcast,1.1,0.9,1.2,1,1.1,0.28
South Carolina,2020-04-20,nowcast,1,0.9,1.2,1,1.1,0.3
South Carolina,2020-04-21,forecast,1.1,0.9,1.2,1,1.1,0.24
South Carolina,2020-04-22,forecast,1,0.8,1.2,0.9,1.1,0.48
South Carolina,2020-04-23,forecast,1,0.6,1.2,1,1.1,0.4
South Carolina,2020-04-24,forecast,1,0.8,1.2,0.9,1.1,0.5
South Carolina,2020-04-25,forecast,1,0.7,1.3,0.9,1.1,0.54
South Carolina,2020-04-26,forecast,1,0.7,1.4,0.7,1,0.54
South Carolina,2020-04-27,forecast,1,0.6,1.4,0.9,1.1,0.5
South Carolina,2020-04-28,forecast,1,0.5,1.5,0.7,1.1,0.5
South Carolina,2020-04-29,forecast,1,0.6,1.5,0.8,1.1,0.48
South Carolina,2020-04-30,forecast,1,0.6,1.4,0.9,1.2,0.56
South Carolina,2020-05-01,forecast,1,0.4,1.4,0.8,1.2,0.52
South Carolina,2020-05-02,forecast,0.9,0.2,1.2,0.7,1,0.7
South Carolina,2020-05-03,forecast,0.9,0.4,1.5,0.8,1.1,0.64
South Carolina,2020-05-04,forecast,0.9,0.1,1.3,0.6,1,0.62
